<?xml version="1.0" encoding="UTF-8"?>
<project-private xmlns="http://www.netbeans.org/ns/project-private/1">
    <editor-bookmarks xmlns="http://www.netbeans.org/ns/editor-bookmarks/2" lastBookmarkId="0"/>
    <open-files xmlns="http://www.netbeans.org/ns/projectui-open-files/2">
        <group>
            <file>file:/D:/Desktop/Videogames_JAVA/Tetris/src/TileType.java</file>
            <file>file:/D:/Desktop/Videogames_JAVA/Tetris/src/Clock.java</file>
            <file>file:/D:/Desktop/Videogames_JAVA/Tetris/src/Tetris.java</file>
            <file>file:/D:/Desktop/Videogames_JAVA/Tetris/src/SoundClip.java</file>
            <file>file:/D:/Desktop/Videogames_JAVA/Tetris/README.md</file>
            <file>file:/D:/Desktop/Videogames_JAVA/Tetris/src/BoardPanel.java</file>
            <file>file:/D:/Desktop/Videogames_JAVA/Tetris/src/SidePanel.java</file>
        </group>
    </open-files>
</project-private>
